{
  "status": "SUCCESS",
  "computed": 0.9884101788863694,
  "gt": -0.145038,
  "rei": 0.0,
  "rei_c": 78.1484,
  "silent": true
}