{
  "status": "SUCCESS",
  "computed": 0.005794910556815319,
  "gt": -0.145038,
  "rei": 0.0,
  "rei_c": 10.3995,
  "silent": true
}